{"cameraMode":{"drawMode":0,"name":"Shaded","section":"Shading Mode"},"sceneLighting":true,"audioPlay":false,"sceneViewState":{"m_AlwaysRefresh":false,"showFog":true,"showSkybox":true,"showFlares":true,"showImageEffects":true,"showParticleSystems":true,"showVisualEffectGraphs":true,"m_FxEnabled":true},"in2DMode":false,"pivot":{"x":-0.011670112609863282,"y":1.564000129699707,"z":-3.119999885559082},"rotation":{"x":0.004499474540352821,"y":-0.005437902174890041,"z":-0.000025554174499120563,"w":-1.0000250339508057},"size":12.12435531616211,"orthographic":false}