{"cameraMode":{"drawMode":0,"name":"Shaded","section":"Shading Mode"},"sceneLighting":true,"audioPlay":false,"sceneViewState":{"m_AlwaysRefresh":false,"showFog":true,"showSkybox":true,"showFlares":true,"showImageEffects":true,"showParticleSystems":true,"showVisualEffectGraphs":true,"m_FxEnabled":true},"in2DMode":false,"pivot":{"x":621.3771362304688,"y":314.45404052734377,"z":1.2113037109375},"rotation":{"x":0.004499474540352821,"y":-0.005437902174890041,"z":-0.000025554174499120563,"w":-1.0000250339508057},"size":284.0824890136719,"orthographic":false}